model_name,experiment_type,mean_error,median_error,max_error,avg_kv_cache_MB
distilgpt2,batch_size_variation,1.3844432580322696,0.9304160581881533,3.072630187988275,21.0
distilgpt2,cache_comparison,2.422626509882864,2.422626509882864,2.422626509882864,0.0
distilgpt2,generated_token_variation,1.8698445725448396,2.0168405486581618,2.021400905929444,5.84375
distilgpt2,input_token_variation,3.0114970079101058,2.658701631081037,8.995498143765793,6.508928571428571
distilgpt2,other,0.2874305222661018,0.3360797337504361,0.3360797337504361,9.0
distilgpt2,precision_fp16,4.432121357758613,4.432121357758613,4.432121357758613,4.5
sshleifer/tiny-gpt2,cache_comparison,69.7979267578125,69.7979267578125,69.7979267578125,0.0
sshleifer/tiny-gpt2,generated_token_variation,69.17609855428744,69.17436201171876,69.18512611328126,0.005218505859375
sshleifer/tiny-gpt2,input_token_variation,69.18783466303262,69.18610466796875,69.20130824692613,0.004937065972222222
